,Dynasty,Characters,scaled_Characters,Original examples,scaled_Original_examples
0,Tang,9002907,-0.9763542081318541,120,-0.9739823494873754
1,Song,34816689,0.6107154363278369,533,-0.6589414589992255
2,Yuan,961884,-1.4707282411078124,80,-1.004494784401482
3,Ming,21038301,-0.23640031542011206,1356,-0.03114811064148369
4,Qing,48109077,1.4279511864856504,3346,1.4868455263353162
5,Minguo,35371339,0.6448161418462909,2946,1.1817211771942508
